epoch,trained_on,step,loss,grad_norm,seconds
1,property1,1,-4.011331,1.000000,0.05
1,property1,2,-4.012331,1.000000,0.05
1,property1,3,-4.013331,1.000000,0.06
1,property1,4,-4.014331,1.000000,0.06
1,property1,5,-4.015331,1.000000,0.06
1,property1,6,-4.016331,1.000000,0.06
1,property1,7,-4.017331,1.000000,0.06
1,property1,8,-4.018331,1.000000,0.06
1,property1,9,-4.019331,1.000000,0.06
1,property1,10,-4.020331,1.000000,0.06
1,property1,11,-4.021331,1.000000,0.06
1,property1,12,-4.022331,1.000000,0.13
1,property1,13,-4.023331,1.000000,0.09
1,property1,14,-4.024331,1.000000,0.07
1,property1,15,-4.025331,1.000000,0.06
1,property1,16,-4.026331,1.000000,0.06
2,property2,1,-0.335396,0.909031,0.59
2,property2,2,-0.336600,0.910286,0.89
2,property2,3,-0.337941,0.911674,0.39
2,property2,4,-0.339372,0.913145,0.37
2,property2,5,-0.340870,0.914674,0.36
2,property2,6,-0.342420,0.916244,0.39
2,property2,7,-0.344012,0.917844,0.36
2,property2,8,-0.345639,0.919466,0.37
2,property2,9,-0.347293,0.921102,0.39
2,property2,10,-0.348972,0.922747,0.43
2,property2,11,-0.350671,0.924399,0.37
2,property2,12,-0.352387,0.926053,0.36
2,property2,13,-0.354118,0.927708,0.45
2,property2,14,-0.355862,0.929361,0.44
2,property2,15,-0.357618,0.931010,0.35
2,property2,16,-0.359383,0.932654,0.35
3,property3,1,-0.283538,0.852665,0.35
3,property3,2,-0.282551,0.848953,0.48
3,property3,3,-0.281821,0.846653,0.36
3,property3,4,-0.281302,0.845179,0.35
3,property3,5,-0.281032,0.843749,0.36
3,property3,6,-0.280768,0.843387,0.36
3,property3,7,-0.280691,0.843281,0.35
3,property3,8,-0.280780,0.843404,0.42
3,property3,9,-0.281017,0.843729,0.36
3,property3,10,-0.281388,0.844237,0.36
3,property3,11,-0.281877,0.844906,0.35
3,property3,12,-0.282474,0.845720,0.35
3,property3,13,-0.283167,0.846662,0.37
3,property3,14,-0.283947,0.847718,0.36
3,property3,15,-0.284804,0.848875,0.35
3,property3,16,-0.285733,0.850121,0.39
4,property4,1,-0.286523,0.853840,0.53
4,property4,2,-0.287775,0.852843,0.64
4,property4,3,-0.289065,0.857127,0.53
4,property4,4,-0.291069,0.880583,0.81
4,property4,5,-0.295671,0.977028,0.40
4,property4,6,-0.300060,1.089622,0.36
4,property4,7,-0.304380,1.164407,0.36
4,property4,8,-0.313836,1.434213,0.38
4,property4,9,-0.325590,1.727827,0.37
4,property4,10,-0.338990,2.029637,0.37
4,property4,11,-0.358039,2.465498,0.35
4,property4,12,-0.381886,2.971394,0.35
4,property4,13,-0.410769,3.551303,0.36
4,property4,14,-0.445736,4.180487,0.35
4,property4,15,-0.488613,4.880712,0.35
4,property4,16,-0.539599,5.681379,0.37
5,property5,1,0.317838,1.341257,0.49
5,property5,2,0.310374,1.961746,0.49
5,property5,3,0.306356,2.084126,0.35
5,property5,4,0.298649,2.524242,0.37
5,property5,5,0.288705,3.054417,0.36
5,property5,6,0.277111,3.392332,0.37
5,property5,7,0.263550,3.791404,0.35
5,property5,8,0.257713,3.511580,0.35
5,property5,9,0.235304,4.072927,0.36
5,property5,10,0.206837,4.649207,0.36
5,property5,11,0.173314,5.072250,0.35
5,property5,12,0.135001,5.167847,0.37
5,property5,13,0.097821,4.830222,0.35
5,property5,14,0.063733,3.969789,0.35
5,property5,15,0.040962,2.987373,0.35
5,property5,16,0.021569,1.882518,0.42
6,property6,1,1.710129,22.487385,1.44
6,property6,2,1.495329,18.417431,1.04
6,property6,3,1.657067,21.534506,1.16
6,property6,4,1.388142,17.767174,2.18
6,property6,5,1.525205,19.834867,0.90
6,property6,6,1.237520,15.069236,0.78
6,property6,7,1.030452,11.016756,1.08
6,property6,8,0.985707,11.742040,0.94
6,property6,9,0.833622,8.131800,1.24
6,property6,10,0.958156,11.298125,1.08
6,property6,11,0.827995,8.519133,1.58
6,property6,12,0.504477,2.493075,0.77
6,property6,13,0.512409,1.879503,0.76
6,property6,14,0.450834,0.883508,0.77
6,property6,15,0.450402,0.883000,0.75
6,property6,16,0.449811,0.882305,0.77
7,property7,1,-0.180989,0.544197,1.26
7,property7,2,-0.181322,0.544834,0.77
7,property7,3,-0.181793,0.545720,1.22
7,property7,4,-0.182385,0.546824,1.03
7,property7,5,-0.183085,0.548119,0.83
7,property7,6,-0.183882,0.549582,0.94
7,property7,7,-0.184764,0.551191,1.07
7,property7,8,-0.185723,0.552929,0.92
7,property7,9,-0.186750,0.554780,0.86
7,property7,10,-0.187839,0.556729,0.83
7,property7,11,-0.188984,0.558764,0.98
7,property7,12,-0.190178,0.560875,1.37
7,property7,13,-0.191418,0.563051,0.95
7,property7,14,-0.192700,0.565285,0.87
7,property7,15,-0.194019,0.567568,0.79
7,property7,16,-0.195372,0.569894,0.75
8,property8,1,0.171732,0.526716,0.74
8,property8,2,0.170955,0.525230,0.75
8,property8,3,0.170131,0.523645,0.75
8,property8,4,0.169267,0.521972,0.71
8,property8,5,0.168367,0.520219,0.71
8,property8,6,0.167436,0.518395,1.22
8,property8,7,0.166478,0.516506,0.93
8,property8,8,0.165497,0.514560,387.74
8,property8,9,0.164497,0.512564,0.96
8,property8,10,0.163481,0.510522,0.78
8,property8,11,0.162451,0.508442,0.76
8,property8,12,0.161410,0.506327,0.91
8,property8,13,0.160361,0.504183,0.80
8,property8,14,0.159305,0.502013,1.08
8,property8,15,0.158244,0.499821,1.10
8,property8,16,0.157180,0.497611,2.58
9,property9,1,0.364760,0.938469,0.78
9,property9,2,0.417044,3.852010,1.09
9,property9,3,0.365320,0.939123,0.94
9,property9,4,0.365049,0.938947,0.85
9,property9,5,0.364402,0.938428,0.43
9,property9,6,0.363448,0.937623,0.77
9,property9,7,0.362243,0.936581,0.68
9,property9,8,0.360830,0.935337,0.64
9,property9,9,0.359246,0.933920,0.69
9,property9,10,0.357519,0.932355,0.46
9,property9,11,0.355674,0.930661,0.57
9,property9,12,0.353731,0.928855,0.50
9,property9,13,0.351708,0.926951,0.55
9,property9,14,0.349619,0.924960,0.91
9,property9,15,0.347478,0.922893,0.50
9,property9,16,0.345293,0.920759,0.44
10,property10,1,0.290430,0.857569,0.52
10,property10,2,0.290249,0.857300,0.62
10,property10,3,0.289911,0.856829,0.47
10,property10,4,0.289430,0.856176,0.45
10,property10,5,0.288824,0.855358,0.42
10,property10,6,0.288104,0.854391,0.58
10,property10,7,0.287283,0.853288,0.49
10,property10,8,0.286373,0.852063,0.37
10,property10,9,0.285382,0.850727,0.47
10,property10,10,0.284321,0.849290,0.45
10,property10,11,0.283196,0.847761,1.20
10,property10,12,0.282017,0.846148,0.68
10,property10,13,0.280788,0.844460,0.54
10,property10,14,0.279517,0.842702,0.40
10,property10,15,0.278208,0.840882,0.40
10,property10,16,0.276866,0.839004,0.52
11,property1,1,-4.051473,1.000000,0.06
11,property1,2,-4.052556,1.000000,0.08
11,property1,3,-4.053693,1.000000,0.06
11,property1,4,-4.054880,1.000000,0.06
11,property1,5,-4.056109,1.000000,0.06
11,property1,6,-4.057377,1.000000,0.07
11,property1,7,-4.058676,1.000000,0.06
11,property1,8,-4.060004,1.000000,0.06
11,property1,9,-4.061357,1.000000,0.08
11,property1,10,-4.062731,1.000000,0.07
11,property1,11,-4.064124,1.000000,0.12
11,property1,12,-4.065532,1.000000,0.08
11,property1,13,-4.066954,1.000000,0.06
11,property1,14,-4.068388,1.000000,0.07
11,property1,15,-4.069830,1.000000,0.06
11,property1,16,-4.071281,1.000000,0.06
12,property2,1,-0.396536,0.965249,0.39
12,property2,2,-0.398007,0.966382,0.84
12,property2,3,-0.399547,0.967561,0.63
12,property2,4,-0.401149,0.968780,0.44
12,property2,5,-0.402808,0.970034,0.42
12,property2,6,-0.404519,0.971316,0.72
12,property2,7,-0.406275,0.972623,0.46
12,property2,8,-0.408087,0.974815,0.59
12,property2,9,-0.409909,0.975293,0.42
12,property2,10,-0.411780,0.976651,0.52
12,property2,11,-0.413681,0.978018,0.42
12,property2,12,-0.415611,0.979393,0.43
12,property2,13,-0.417566,0.980775,0.43
12,property2,14,-0.419545,0.982159,0.45
12,property2,15,-0.421545,0.983546,0.41
12,property2,16,-0.423564,0.984932,0.43
13,property3,1,-0.461282,7.338274,0.37
13,property3,2,-0.487016,7.707695,0.47
13,property3,3,-0.534947,8.979099,0.38
13,property3,4,-0.613745,10.726394,0.36
13,property3,5,-0.676921,11.894846,0.37
13,property3,6,-0.786007,13.863512,0.36
13,property3,7,-0.920282,15.997684,0.36
13,property3,8,-1.084788,18.355547,0.46
13,property3,9,-1.285183,20.928625,0.50
13,property3,10,-1.536914,23.880972,0.40
13,property3,11,-1.782521,26.411406,0.38
13,property3,12,-2.044368,29.072008,0.37
13,property3,13,-2.362011,31.865294,0.39
13,property3,14,-2.741436,35.308643,0.38
13,property3,15,-3.179061,39.217361,0.41
13,property3,16,-3.721222,44.616081,0.40
14,property4,1,-2.939899,35.468174,0.37
14,property4,2,-3.415187,38.955364,0.48
14,property4,3,-3.958341,43.016251,0.37
14,property4,4,-4.546782,47.980232,0.37
14,property4,5,-5.202317,52.428600,0.36
14,property4,6,-5.934709,57.702358,0.37
14,property4,7,-6.752877,63.451519,0.35
14,property4,8,-7.715668,70.801773,0.37
14,property4,9,-8.833895,78.868713,0.37
14,property4,10,-10.225250,89.730537,0.36
14,property4,11,-11.658528,99.642647,0.42
14,property4,12,-13.297770,111.685066,0.87
14,property4,13,-15.125757,124.484116,0.51
14,property4,14,-inf,nan,0.44
14,property4,15,nan,nan,0.59
14,property4,16,nan,nan,0.45
15,property5,1,nan,nan,0.36
15,property5,2,nan,nan,0.70
15,property5,3,nan,nan,0.36
15,property5,4,nan,nan,0.36
15,property5,5,nan,nan,0.38
15,property5,6,nan,nan,0.51
15,property5,7,nan,nan,0.50
15,property5,8,nan,nan,0.56
15,property5,9,nan,nan,0.41
15,property5,10,nan,nan,0.40
15,property5,11,nan,nan,0.55
15,property5,12,nan,nan,0.48
15,property5,13,nan,nan,0.44
15,property5,14,nan,nan,0.42
15,property5,15,nan,nan,0.43
15,property5,16,nan,nan,0.47
16,property6,1,nan,nan,0.95
16,property6,2,nan,nan,0.81
16,property6,3,nan,nan,0.87
16,property6,4,nan,nan,0.82
16,property6,5,nan,nan,0.83
16,property6,6,nan,nan,1.30
16,property6,7,nan,nan,1.35
16,property6,8,nan,nan,1.11
16,property6,9,nan,nan,0.91
16,property6,10,nan,nan,0.84
16,property6,11,nan,nan,0.88
16,property6,12,nan,nan,0.82
16,property6,13,nan,nan,0.76
16,property6,14,nan,nan,0.75
16,property6,15,nan,nan,0.79
16,property6,16,nan,nan,0.89
17,property7,1,nan,nan,1.25
17,property7,2,nan,nan,1.43
17,property7,3,nan,nan,1.79
17,property7,4,nan,nan,2.17
17,property7,5,nan,nan,1.06
17,property7,6,nan,nan,1.18
17,property7,7,nan,nan,0.78
17,property7,8,nan,nan,0.86
17,property7,9,nan,nan,0.79
17,property7,10,nan,nan,0.72
17,property7,11,nan,nan,0.75
17,property7,12,nan,nan,0.75
17,property7,13,nan,nan,0.72
17,property7,14,nan,nan,0.70
17,property7,15,nan,nan,0.71
17,property7,16,nan,nan,0.77
18,property8,1,nan,nan,1.07
18,property8,2,nan,nan,0.76
18,property8,3,nan,nan,0.72
18,property8,4,nan,nan,0.75
18,property8,5,nan,nan,0.73
18,property8,6,nan,nan,0.72
18,property8,7,nan,nan,0.74
18,property8,8,nan,nan,0.86
18,property8,9,nan,nan,0.75
18,property8,10,nan,nan,0.73
18,property8,11,nan,nan,0.72
18,property8,12,nan,nan,1.15
18,property8,13,nan,nan,0.87
18,property8,14,nan,nan,1.09
18,property8,15,nan,nan,0.91
18,property8,16,nan,nan,0.90
19,property9,1,nan,nan,0.56
19,property9,2,nan,nan,0.47
19,property9,3,nan,nan,0.57
19,property9,4,nan,nan,0.65
19,property9,5,nan,nan,0.60
19,property9,6,nan,nan,0.50
19,property9,7,nan,nan,0.48
19,property9,8,nan,nan,0.55
19,property9,9,nan,nan,0.46
19,property9,10,nan,nan,0.45
19,property9,11,nan,nan,0.43
19,property9,12,nan,nan,0.44
19,property9,13,nan,nan,0.47
19,property9,14,nan,nan,0.44
19,property9,15,nan,nan,0.49
19,property9,16,nan,nan,0.44
20,property10,1,nan,nan,0.38
20,property10,2,nan,nan,0.63
20,property10,3,nan,nan,0.41
20,property10,4,nan,nan,0.40
20,property10,5,nan,nan,0.46
20,property10,6,nan,nan,0.50
20,property10,7,nan,nan,0.49
20,property10,8,nan,nan,0.50
20,property10,9,nan,nan,0.56
20,property10,10,nan,nan,0.37
20,property10,11,nan,nan,0.37
20,property10,12,nan,nan,0.35
20,property10,13,nan,nan,0.47
20,property10,14,nan,nan,0.89
20,property10,15,nan,nan,0.67
20,property10,16,nan,nan,0.76
21,property1,1,nan,nan,0.05
21,property1,2,nan,nan,0.06
21,property1,3,nan,nan,0.06
21,property1,4,nan,nan,0.06
21,property1,5,nan,nan,0.06
21,property1,6,nan,nan,0.06
21,property1,7,nan,nan,0.06
21,property1,8,nan,nan,0.06
21,property1,9,nan,nan,0.07
21,property1,10,nan,nan,0.07
21,property1,11,nan,nan,0.08
21,property1,12,nan,nan,0.17
21,property1,13,nan,nan,0.11
21,property1,14,nan,nan,0.08
21,property1,15,nan,nan,0.07
21,property1,16,nan,nan,0.08
22,property2,1,nan,nan,0.37
22,property2,2,nan,nan,0.94
22,property2,3,nan,nan,0.67
22,property2,4,nan,nan,0.53
22,property2,5,nan,nan,0.44
22,property2,6,nan,nan,0.41
22,property2,7,nan,nan,0.38
22,property2,8,nan,nan,0.35
22,property2,9,nan,nan,0.37
22,property2,10,nan,nan,0.36
22,property2,11,nan,nan,0.39
22,property2,12,nan,nan,0.37
22,property2,13,nan,nan,0.41
22,property2,14,nan,nan,0.36
22,property2,15,nan,nan,0.36
22,property2,16,nan,nan,0.35
23,property3,1,nan,nan,0.38
23,property3,2,nan,nan,0.56
23,property3,3,nan,nan,0.51
23,property3,4,nan,nan,0.50
23,property3,5,nan,nan,0.65
23,property3,6,nan,nan,0.59
23,property3,7,nan,nan,0.73
23,property3,8,nan,nan,0.40
23,property3,9,nan,nan,0.40
23,property3,10,nan,nan,0.68
23,property3,11,nan,nan,0.49
23,property3,12,nan,nan,0.39
23,property3,13,nan,nan,0.41
23,property3,14,nan,nan,0.39
23,property3,15,nan,nan,0.35
23,property3,16,nan,nan,0.35
24,property4,1,nan,nan,0.34
24,property4,2,nan,nan,0.49
24,property4,3,nan,nan,0.39
24,property4,4,nan,nan,0.40
24,property4,5,nan,nan,0.35
24,property4,6,nan,nan,0.35
24,property4,7,nan,nan,0.35
24,property4,8,nan,nan,0.35
24,property4,9,nan,nan,0.36
24,property4,10,nan,nan,0.37
24,property4,11,nan,nan,0.35
24,property4,12,nan,nan,0.39
24,property4,13,nan,nan,0.43
24,property4,14,nan,nan,0.69
24,property4,15,nan,nan,0.39
24,property4,16,nan,nan,0.35
25,property5,1,nan,nan,0.36
25,property5,2,nan,nan,0.40
25,property5,3,nan,nan,0.35
25,property5,4,nan,nan,0.55
25,property5,5,nan,nan,0.37
25,property5,6,nan,nan,0.37
25,property5,7,nan,nan,0.37
25,property5,8,nan,nan,0.35
25,property5,9,nan,nan,0.37
25,property5,10,nan,nan,0.35
25,property5,11,nan,nan,0.37
25,property5,12,nan,nan,0.36
25,property5,13,nan,nan,0.36
25,property5,14,nan,nan,0.36
25,property5,15,nan,nan,0.36
25,property5,16,nan,nan,0.35
26,property6,1,nan,nan,0.76
26,property6,2,nan,nan,0.73
26,property6,3,nan,nan,1.19
26,property6,4,nan,nan,1.22
26,property6,5,nan,nan,1.93
26,property6,6,nan,nan,0.88
26,property6,7,nan,nan,0.87
26,property6,8,nan,nan,1.21
26,property6,9,nan,nan,1.10
26,property6,10,nan,nan,0.88
26,property6,11,nan,nan,0.80
26,property6,12,nan,nan,1.27
26,property6,13,nan,nan,0.79
26,property6,14,nan,nan,0.78
26,property6,15,nan,nan,0.77
26,property6,16,nan,nan,1.01
27,property7,1,nan,nan,0.59
27,property7,2,nan,nan,0.65
27,property7,3,nan,nan,0.57
27,property7,4,nan,nan,0.59
27,property7,5,nan,nan,0.60
27,property7,6,nan,nan,0.58
27,property7,7,nan,nan,0.60
27,property7,8,nan,nan,0.59
27,property7,9,nan,nan,0.58
27,property7,10,nan,nan,0.68
27,property7,11,nan,nan,0.58
27,property7,12,nan,nan,0.58
27,property7,13,nan,nan,0.57
27,property7,14,nan,nan,0.57
27,property7,15,nan,nan,0.57
27,property7,16,nan,nan,0.66
28,property8,1,nan,nan,0.62
28,property8,2,nan,nan,0.66
28,property8,3,nan,nan,0.67
28,property8,4,nan,nan,0.68
28,property8,5,nan,nan,0.82
28,property8,6,nan,nan,0.69
28,property8,7,nan,nan,0.74
28,property8,8,nan,nan,0.79
28,property8,9,nan,nan,0.62
28,property8,10,nan,nan,0.71
28,property8,11,nan,nan,0.68
28,property8,12,nan,nan,0.69
28,property8,13,nan,nan,0.77
28,property8,14,nan,nan,0.61
28,property8,15,nan,nan,0.60
28,property8,16,nan,nan,0.59
29,property9,1,nan,nan,0.34
29,property9,2,nan,nan,0.41
29,property9,3,nan,nan,0.30
29,property9,4,nan,nan,0.29
29,property9,5,nan,nan,0.29
29,property9,6,nan,nan,0.29
29,property9,7,nan,nan,0.31
29,property9,8,nan,nan,0.30
29,property9,9,nan,nan,0.30
29,property9,10,nan,nan,0.30
29,property9,11,nan,nan,0.31
29,property9,12,nan,nan,0.30
29,property9,13,nan,nan,0.32
29,property9,14,nan,nan,0.30
29,property9,15,nan,nan,0.30
29,property9,16,nan,nan,0.30
30,property10,1,nan,nan,0.29
30,property10,2,nan,nan,0.31
30,property10,3,nan,nan,0.31
30,property10,4,nan,nan,0.31
30,property10,5,nan,nan,0.32
30,property10,6,nan,nan,0.30
30,property10,7,nan,nan,0.30
30,property10,8,nan,nan,0.35
30,property10,9,nan,nan,0.38
30,property10,10,nan,nan,0.37
30,property10,11,nan,nan,0.30
30,property10,12,nan,nan,0.29
30,property10,13,nan,nan,0.29
30,property10,14,nan,nan,0.31
30,property10,15,nan,nan,0.29
30,property10,16,nan,nan,0.29
